{"count":1,"self":168.53061119999998,"total":857.171217,"children":{"InitializeActuators":{"count":16,"self":0.0025919999999999997,"total":0.0025919999999999997,"children":null},"InitializeSensors":{"count":16,"self":0.002226,"total":0.002226,"children":null},"AgentSendState":{"count":93867,"self":1.471674,"total":6.166866,"children":{"CollectObservations":{"count":300384,"self":0.638116,"total":0.638116,"children":null},"WriteActionMask":{"count":300384,"self":0.252279,"total":0.252279,"children":null},"RequestDecision":{"count":300384,"self":1.093146,"total":3.8047969999999998,"children":{"AgentInfo.ToProto":{"count":300384,"self":1.029445,"total":2.711651,"children":{"GenerateSensorData":{"count":300384,"self":1.6822059999999999,"total":1.6822059999999999,"children":null}}}}}}},"DecideAction":{"count":93867,"self":679.05152,"total":679.05153999999993,"children":null},"AgentAct":{"count":93867,"self":3.2951059999999996,"total":3.303686,"children":{"AgentInfo.ToProto":{"count":401,"self":0.0033829999999999997,"total":0.0085799999999999991,"children":{"GenerateSensorData":{"count":401,"self":0.0051969999999999994,"total":0.0051969999999999994,"children":null}}}}},"AgentInfo.ToProto":{"count":4717,"self":0.050699,"total":0.112561,"children":{"GenerateSensorData":{"count":4717,"self":0.061862,"total":0.061862,"children":null}}}},"gauges":{"MoveToGoal.CumulativeReward":{"count":5118,"max":2,"min":-2,"runningAverage":0.03829626,"value":1,"weightedAverage":0.9999999}},"metadata":{"timer_format_version":"0.1.0","start_time_seconds":"1682916509","unity_version":"2021.3.19f1","command_line_arguments":"\/Applications\/Unity\/Hub\/Editor\/2021.3.19f1\/Unity.app\/Contents\/MacOS\/Unity -projectpath \/Users\/cameronolson\/Unity\/MLAgents -useHub -hubIPC -cloudEnvironment production -licensingIpc LicenseClient-cameronolson -hubSessionId 73be3e94-b3a8-4317-9e35-98a9be391307","communication_protocol_version":"1.5.0","com.unity.ml-agents_version":"2.0.1","scene_name":"MLAgentsDemo","end_time_seconds":"1682917366"}}